DATE,OPEN,HIGH,LOW,CLOSE,TICKVOL,VOL,SPREAD
2014.06.13,54800,55155,54665,54940,679300,177772,5
2014.06.16,55135,55170,54515,54780,613450,164375,5
2014.06.17,54750,54940,54130,54215,411590,114115,5
2014.06.18,55100,56065,54820,56065,804810,203470,5
2014.06.20,55710,55775,55250,55505,677370,171775,5
2014.06.23,55550,55640,54695,54695,455160,127517,5
2014.06.24,54875,55790,54685,55115,942760,250310,5
2014.06.25,55040,55175,53950,53995,942100,244766,5
2014.06.26,54205,54455,53960,54000,837790,209156,5
2014.06.27,53995,54300,53520,53855,764060,202945,5
2014.06.30,53775,53995,53275,53575,740010,192177,5
2014.07.01,53880,54315,53455,53715,769310,195311,5
2014.07.02,53890,53990,53280,53500,841500,218563,5
2014.07.03,53280,54480,53010,54450,731490,203252,5
2014.07.04,54340,54700,54220,54610,198270,54025,5
2014.07.07,54340,54445,53865,54255,667730,174328,5
2014.07.08,54290,54430,53895,54080,463190,122051,5
2014.07.10,54030,55190,54020,55005,865770,227485,5
2014.07.11,55085,55470,54785,55265,664080,173816,5
2014.07.14,55545,56405,55480,56215,732160,192542,5
2014.07.15,56205,56580,56070,56390,685940,185529,5
2014.07.16,56700,56795,55955,56175,751210,210416,5
2014.07.17,55930,56660,55630,55880,1086360,304509,5
2014.07.18,57460,57925,57135,57550,1015360,269130,5
2014.07.21,57420,58140,57240,58135,810610,214871,5
2014.07.22,58200,58535,57860,58440,822530,230075,5
2014.07.23,57540,58030,57400,57800,759020,209232,5
2014.07.24,57960,58460,57630,58250,788650,230135,5
2014.07.25,58100,58350,57920,58240,559030,145136,5
2014.07.28,58320,58415,57615,57880,643180,180044,5
2014.07.29,58060,58275,57280,57395,718630,201210,5
2014.07.30,57450,57640,56880,57000,884010,247673,5
2014.07.31,56655,56800,55640,55955,1072780,299750,5
2014.08.01,55685,56225,55350,56070,1050480,280208,5
2014.08.04,56340,56935,55665,56935,863800,242958,5
2014.08.05,56720,57090,56115,56230,1211730,340339,5
2014.08.06,56065,56945,55765,56500,1090760,306595,5
2014.08.07,56495,57030,56020,56530,1195520,323527,5
2014.08.08,56465,56470,55350,55390,1012020,281450,5
2014.08.11,55375,56925,55330,56925,917070,252233,5
2014.08.12,56760,56860,56310,56540,989090,249762,5
2014.08.13,57880,57880,56070,56455,1312730,342991,5
2014.08.14,56400,56930,56140,56900,1193240,305632,5
2014.08.15,57140,58035,56990,58000,1399150,362868,5
2014.08.18,58250,58660,57900,58425,1042140,264052,5
2014.08.19,58550,59600,58140,59600,1049830,281095,5
2014.08.20,59640,59940,59175,59700,1138860,310752,5
2014.08.21,59600,60135,59425,59995,1001330,282228,5
2014.08.22,59915,59950,58965,59185,925100,250940,5
2014.08.25,59500,60690,59425,60580,864850,244943,5
2014.08.26,60560,60970,60330,60900,1200400,336935,5
2014.08.27,61200,62070,60860,61795,1108080,307402,5
2014.08.28,61490,61810,60950,61300,1005910,269641,5
2014.08.29,61500,62365,61025,62285,1099870,317305,5
2014.09.01,62650,63085,61540,61580,663620,202047,5
2014.09.02,61900,62995,61620,62750,1399270,377452,5
2014.09.03,63000,63080,61855,62600,1400070,392588,5
2014.09.04,61845,62465,61400,61475,1409080,382855,5
2014.09.05,61360,61695,60885,61490,1379570,375424,5
2014.09.08,61200,62250,59295,59295,1693200,452865,5
2014.09.09,59520,60085,58585,59260,1272680,343098,5
2014.09.10,59020,59170,57965,59125,1537260,414790,5
2014.09.11,58980,59400,58620,58655,1477310,405359,5
2014.09.12,58500,58590,57050,57185,1584190,421910,5
2014.09.15,57100,58490,56985,58450,1151190,310296,5
2014.09.16,58280,60780,58190,59450,1901400,555773,5
2014.09.17,59920,60750,59260,59500,1660340,454549,5
2014.09.18,59700,59760,58465,59000,1112330,309557,5
2014.09.19,58585,58945,57810,58145,1079760,284237,5
2014.09.22,57800,57800,56265,56855,1329310,358457,5
2014.09.23,56935,57745,56315,56545,1423700,374942,5
2014.09.24,56600,57465,56025,57190,1251270,324729,5
2014.09.25,56950,56995,56035,56680,1256590,324553,5
2014.09.26,56620,57800,56130,57800,1196480,302287,5
2014.09.29,55260,55595,54285,54630,1252030,326095,5
2014.09.30,54500,54695,53685,53950,1335650,338535,5
2014.10.01,53260,53870,52360,52360,1491300,381456,5
2014.10.02,52785,54165,52565,53070,1602300,408992,5
2014.10.03,53155,54950,53155,54780,1352130,364912,5
2014.10.06,60000,60060,57080,57600,1764610,480685,5
2014.10.07,58010,58480,57420,57420,1412790,368118,5
2014.10.08,57730,58600,56260,57955,1834500,478672,5
2014.10.09,58400,58635,57065,57065,1709980,425952,5
2014.10.10,56800,57000,55060,55110,1654260,412766,5
2014.10.13,57000,58860,56770,57850,1766550,434562,5
2014.10.14,57400,58940,57200,58000,1870070,450110,5
2014.10.15,58675,58675,55775,56855,1946050,526177,5
2014.10.16,55685,56320,54600,54635,2412460,579967,5
2014.10.17,55710,56900,55620,56750,1657640,404400,5
2014.10.20,55945,56400,55015,55535,141387,341219,5
2014.10.21,53300,53980,52605,53260,163626,394149,5
2014.10.22,53000,54050,52680,52905,142727,345869,5
2014.10.23,52450,52640,50490,51110,174140,422085,5
2014.10.24,51480,53905,51130,52200,186986,477306,5
2014.10.27,48280,51510,48140,51295,177654,496217,5
2014.10.28,51470,53070,51465,52545,153085,382876,5
2014.10.29,52000,52905,51155,51840,149720,368494,5
2014.10.30,52120,53220,52030,52900,153772,364712,5
2014.10.31,53720,55435,53025,55325,171500,412867,5
2014.11.03,54900,55105,53610,54485,150735,368555,5
2014.11.04,54585,55230,53945,54435,164793,395235,5
2014.11.05,54500,54785,53950,54195,129817,307118,5
2014.11.06,53900,53950,52840,52960,142222,336100,5
2014.11.07,53400,54095,52655,53835,156428,373111,5
2014.11.10,54000,54400,52925,52950,123025,290940,5
2014.11.11,52940,53175,52435,53065,124569,293427,5
2014.11.12,52940,53980,52615,53265,134223,320515,5
2014.11.13,53505,53815,52140,52265,158309,360342,5
2014.11.14,51935,52365,50910,52310,155731,357761,5
2014.11.17,51900,52665,51395,51660,150497,331456,5
2014.11.18,51690,52730,51430,52605,149994,344469,5
2014.11.19,52450,54130,52330,53820,176304,413956,5
2014.11.21,54400,57045,54280,57045,198066,446534,5
2014.11.24,56840,57790,55620,55800,184540,439768,5
2014.11.25,56010,56805,55530,55835,154687,364443,5
2014.11.26,56280,56530,55270,55650,131726,314535,5
2014.11.27,55650,56420,54810,55165,108921,272565,5
2014.11.28,55200,55770,54710,54710,127056,310771,5
2014.12.01,54440,54540,52050,52215,167602,414971,5
2014.12.02,52500,52820,51605,51800,154300,362925,5
2014.12.03,51950,52695,51850,52145,122212,283850,5
2014.12.04,52835,52950,51210,51520,136091,323982,5
2014.12.05,51820,52235,51225,52055,123185,292443,5
2014.12.08,51740,52010,50090,50455,122890,285989,5
2014.12.09,50000,50445,49505,50335,161743,378865,5
2014.12.10,50350,50360,49340,49590,161570,381700,5
2014.12.11,49680,50055,48835,49390,142477,345435,5
2014.12.12,48825,49770,47930,48290,153752,377205,5
2014.12.15,48440,48535,46315,47300,169423,422812,5
2014.12.16,47235,47680,45720,46980,230754,563902,5
2014.12.17,47750,50045,47540,49025,180248,438393,5
2014.12.18,49820,50355,48895,49175,155823,363825,5
2014.12.19,49550,50575,49295,50575,139157,332853,5
2014.12.22,50465,50910,49825,50765,116700,283303,5
2014.12.23,50795,51540,50440,51290,113491,277880,5
2014.12.26,51395,51700,50535,50750,75918,173598,5
2014.12.29,50700,51600,50505,51495,101534,240782,5
2014.12.30,51405,51530,50275,50330,106756,253502,5
2015.01.02,50200,50400,48815,49130,120551,286214,5
2015.01.05,49050,49050,47750,48035,134217,323439,5
2015.01.06,47850,48805,47570,48805,145767,366835,5
2015.01.07,49120,50480,49085,50045,129104,314747,5
2015.01.08,50200,50845,49475,50500,144536,353199,5
2015.01.09,50230,50350,48950,49395,130092,310341,5
2015.01.12,49535,49550,48350,48450,136357,324602,5
2015.01.13,48615,49355,48340,48515,154265,363647,5
2015.01.14,48300,48765,47685,48585,153282,368508,5
2015.01.15,48310,49330,47940,48635,160813,393315,5
2015.01.16,48320,49720,48195,49290,141677,344039,5
2015.01.19,48970,49195,47805,48160,69828,187810,5
2015.01.20,48580,49060,47915,48525,142849,354401,5
2015.01.21,48450,49765,48285,49765,157996,407360,5
2015.01.22,49850,50700,49570,49940,151583,366227,5
2015.01.23,49685,49845,48750,48780,123120,319698,5
2015.01.26,48460,48980,48175,48625,109757,279282,5
2015.01.27,48300,49155,47560,48915,143829,372417,5
2015.01.28,48180,48470,47725,47940,146130,378551,5
2015.01.29,47700,48140,47160,47895,160402,414842,5
2015.01.30,47535,47600,46480,47260,144649,376713,5
2015.02.02,47030,48115,46910,48115,151662,381684,5
2015.02.03,48455,49195,48385,49120,156308,397780,5
2015.02.04,49000,49885,48310,49520,178147,461205,5
2015.02.05,49375,49950,49040,49595,141341,349155,5
2015.02.06,49260,49450,48250,48830,149606,376039,5
2015.02.09,48480,49755,48275,49710,129545,329774,5
2015.02.10,49710,49875,48530,48750,151602,375665,5
2015.02.11,48440,48790,47840,48680,145062,353984,5
2015.02.12,49000,49750,48870,49515,128964,329122,5
2015.02.13,49760,50995,49760,50995,112595,274544,5
2015.02.18,51980,52820,51800,51975,81237,215812,5
2015.02.19,51980,52475,51620,52175,116815,297482,5
2015.02.20,52000,52300,51430,52040,131972,331593,5
2015.02.23,51955,52525,51640,51805,131480,341387,5
2015.02.24,51840,52780,51565,52655,142228,359669,5
2015.02.25,51755,52615,51555,52500,128098,323620,5
2015.02.26,52500,52855,51815,52650,136501,359226,5
2015.02.27,52705,53205,51955,52295,167556,441653,5
2015.03.02,52300,52435,51365,51700,135450,344516,5
2015.03.03,51500,52085,51460,52000,139358,342667,5
2015.03.04,51330,51590,50930,51360,144464,375902,5
2015.03.05,51415,51485,50645,50850,123999,312167,5
2015.03.06,50900,50960,50280,50480,129812,336560,5
2015.03.09,50260,50385,49285,49285,134596,342466,5
2015.03.10,49025,49710,48600,48640,174807,474970,5
2015.03.11,48835,50070,48735,49460,140384,384288,5
2015.03.12,49615,50185,49090,49185,131569,360492,5
2015.03.13,49060,49160,48050,49100,166513,437096,5
2015.03.16,49050,49750,48745,49060,124613,318848,5
2015.03.17,49000,50805,48895,50780,150518,396319,5
2015.03.18,50545,52235,50120,52015,181478,470250,5
2015.03.19,51760,51940,51105,51310,155093,396798,5
2015.03.20,51500,52680,51365,52085,162831,415663,5
2015.03.23,52200,52540,51850,52255,141649,359981,5
2015.03.24,52500,52735,51265,52050,134442,349104,5
2015.03.25,51750,52645,51730,52020,149518,388431,5
2015.03.26,51800,51965,50580,50580,148142,382389,5
2015.03.27,50825,50825,50065,50325,132695,344582,5
2015.03.30,50590,51505,50380,51485,123343,319584,5
2015.03.31,51170,51760,50720,51175,127502,341477,5
2015.04.01,51335,52815,51330,52610,132379,337680,5
2015.04.02,52370,53540,52300,53345,152521,394638,5
2015.04.06,53220,54295,53025,53805,129544,329625,5
2015.04.07,53935,54175,53520,53960,132972,348382,5
2015.04.08,54200,54685,53545,53695,168017,434655,5
2015.04.09,53675,54110,53345,53865,144126,353400,5
2015.04.10,54045,54435,53415,54345,132670,325758,5
2015.04.13,54235,54880,53980,54270,140143,343485,5
2015.04.14,54240,54745,53760,54145,148458,374100,5
2015.04.15,55010,55945,54950,55900,139140,337217,5
2015.04.16,55600,55840,55180,55700,133906,334069,5
2015.04.17,55300,55350,54685,54930,133284,338496,5
2015.04.20,55150,55315,54275,54395,123128,308306,5
2015.04.22,54450,55690,54220,55340,136916,346864,5
2015.04.23,55065,56640,54720,56465,158750,406081,5
2015.04.24,56350,57770,56350,57400,141211,359335,5
2015.04.27,57400,57745,56040,56320,159809,394874,5
2015.04.28,56115,56790,55730,56640,143248,347608,5
2015.04.29,56470,56470,55725,56205,135457,337717,5
2015.04.30,55950,56965,55555,56935,142511,369420,5
2015.05.04,57385,58295,57210,58295,112410,290361,5
2015.05.05,58050,58900,57735,58900,142500,370819,5
2015.05.06,58800,59250,57505,58180,162569,419289,5
2015.05.07,57900,58070,57120,57645,134129,329198,5
2015.05.08,57910,58495,57215,57735,134038,347772,5
2015.05.11,58080,58145,57565,57575,128011,312935,5
2015.05.12,57250,58050,57110,57190,118233,287754,5
2015.05.13,57495,57625,56680,57100,121004,290642,5
2015.05.14,57160,57495,56575,57200,138446,342858,5
2015.05.15,57300,57880,56890,57710,115787,286447,5
2015.05.18,57750,58280,56325,56415,134830,349826,5
2015.05.19,56750,56865,55445,55900,126244,316779,5
2015.05.20,55655,56130,55170,55170,149204,362160,5
2015.05.21,55170,55725,54835,55715,118442,291992,5
2015.05.22,55150,55825,54375,54570,142790,355870,5
2015.05.25,54815,55290,54130,54900,87702,223397,5
2015.05.26,54975,54975,53780,53780,136994,338070,5
2015.05.27,54070,54625,53410,54345,128014,311983,5
2015.05.28,54040,54315,53605,54035,121084,297876,5
2015.05.29,54000,54350,52890,52930,147868,391668,5
2015.06.01,53275,53500,52850,53235,122198,305031,5
2015.06.02,53220,54495,53150,54480,129812,331134,5
2015.06.03,54420,54525,53615,53685,121764,310618,5
2015.06.05,53200,53575,52915,53040,111824,281927,5
2015.06.08,52990,53490,52840,52855,97610,243121,5
2015.06.09,52750,53390,52650,53015,111949,308701,5
2015.06.10,53300,54250,53300,54035,124261,324722,5
2015.06.11,53990,54480,53480,53815,121444,316671,5
2015.06.12,53680,53770,53050,53370,103364,270612,5
2015.06.15,53185,53310,52535,53310,103491,270761,5
2015.06.16,53165,54015,53065,53680,109595,294246,5
2015.06.17,54700,54790,53860,53865,114288,300903,5
2015.06.18,54080,55325,54005,55150,131423,368497,5
2015.06.19,54820,54940,54325,54500,112138,294162,5
2015.06.22,54850,55285,54510,54720,102668,266984,5
2015.06.23,54965,55260,54355,54355,96446,264886,5
2015.06.24,54430,55115,54250,54690,107988,290891,5
2015.06.25,54730,54800,53625,54100,115371,317249,5
2015.06.26,54050,54905,53750,54730,116615,323832,5
2015.06.29,53825,54540,53335,53830,130425,338710,5
2015.06.30,54110,54165,53530,53770,115696,295796,5
2015.07.01,54255,54275,53295,53500,116956,305438,5
2015.07.02,53640,54070,53415,53690,92195,232657,5
2015.07.03,53745,53765,52930,53100,57048,157006,5
2015.07.06,52695,53315,52215,52915,120508,338599,5
2015.07.07,52610,53085,51650,53035,143089,386567,5
2015.07.08,52440,52990,52100,52165,148492,379819,5
2015.07.10,53000,53375,52705,53000,102240,252234,5
2015.07.13,53350,53725,53065,53550,110580,284094,5
2015.07.14,53440,53950,53170,53745,94679,258618,5
2015.07.15,53760,53865,53230,53585,107289,288519,5
2015.07.16,53745,53920,53130,53475,101378,270157,5
2015.07.17,53550,53765,52575,52575,115336,321893,5
2015.07.20,52765,52880,51885,51960,101621,282071,5
2015.07.21,52055,52370,51580,51890,123561,351555,5
2015.07.22,51480,51600,50900,51240,95845,258131,5
2015.07.23,51065,51390,49595,49595,146148,400304,5
2015.07.24,49755,50055,48850,49485,148113,407063,5
2015.07.27,49050,49570,48820,49115,149836,405000,5
2015.07.28,49310,50120,48960,49850,187248,526957,5
2015.07.29,49900,50550,49535,50285,160509,430694,5
2015.07.30,50470,50845,49765,50015,142423,370408,5
2015.07.31,50070,51160,49940,51160,139222,383416,5
2015.08.03,50775,50795,50160,50360,118441,319411,5
2015.08.04,50630,50720,49925,50245,110950,298780,5
2015.08.05,50530,50990,50235,50260,113467,306001,5
2015.08.06,50080,50625,49630,50110,140955,377626,5
2015.08.07,49915,50090,48345,48345,140534,387570,5
2015.08.10,48480,49575,48470,49350,132188,354562,5
2015.08.11,48995,50065,48260,49885,141504,382407,5
2015.08.12,50280,50440,48945,49435,156277,415086,5
2015.08.13,49620,49760,48580,48580,143044,372146,5
2015.08.14,48695,49040,48285,48390,113888,296496,5
2015.08.17,48395,48650,48000,48280,116444,297226,5
2015.08.18,47925,48970,47450,48100,176345,469901,5
2015.08.19,48000,48025,46720,47300,173552,471865,5
2015.08.20,47000,47585,46525,47150,161353,413304,5
2015.08.21,46820,46980,46045,46045,156132,403797,5
2015.08.24,44100,45955,43200,45265,282030,750938,5
2015.08.25,46200,46700,44695,44695,206797,532069,5
2015.08.26,45250,46875,45130,46800,245275,611139,5
2015.08.27,46955,48690,46885,48540,243152,614379,5
2015.08.28,48125,48495,47395,47825,214547,542472,5
2015.08.31,47315,47380,46115,46880,207074,531390,5
2015.09.01,46075,46545,45645,46100,216778,559636,5
2015.09.02,46325,47245,45650,47090,190370,498348,5
2015.09.03,47090,48090,46745,47815,203310,537281,5
2015.09.04,47165,47800,46745,46995,174874,440595,5
2015.09.08,47450,47840,47035,47210,134703,344214,5
2015.09.09,47930,48355,46970,47280,164488,419808,5
2015.09.10,45520,47285,45350,47140,200037,503264,5
2015.09.11,46785,47210,46530,46975,135214,341166,5
2015.09.14,46845,48950,46605,48450,158931,407788,5
2015.09.15,48350,48350,47105,47680,154211,399048,5
2015.09.16,47850,49125,47750,48800,157366,420193,5
2015.09.17,48400,49790,48205,49000,199214,499330,5
2015.09.18,48500,48650,47180,47350,162872,433796,5
2015.09.21,47705,47830,46675,47050,148447,377469,5
2015.09.22,46460,46805,45515,46525,167392,434280,5
2015.09.23,46755,46970,45200,45350,184800,483495,5
2015.09.24,44950,45840,44145,45665,211188,528540,5
2015.09.25,46100,46270,44735,44735,160988,424824,5
2015.09.28,44445,44645,43945,44130,138469,326992,5
2015.09.29,44380,44720,44125,44300,140385,356882,5
2015.09.30,45125,45650,44525,45125,149095,377291,5
2015.10.01,45255,45765,44875,45765,151016,370576,5
2015.10.02,45785,47380,45080,47345,180538,452984,5
2015.10.05,47525,48155,47500,47665,135996,332192,5
2015.10.06,47500,48180,47450,47520,151839,371764,5
2015.10.07,47970,49390,47920,48865,216248,547667,5
2015.10.08,48685,49325,48550,49055,175060,429226,5
2015.10.09,49370,49715,48675,49450,155750,381348,5
2015.10.13,48800,48800,47110,47215,153166,369244,5
2015.10.14,48155,48520,47360,47435,180028,436625,5
2015.10.15,47785,48005,47025,47870,172328,419617,5
2015.10.16,48000,48475,47170,47545,169632,423450,5
2015.10.19,47835,48280,47460,48100,155655,383366,5
2015.10.20,47920,48420,47245,47610,140361,348451,5
2015.10.21,47650,47890,47250,47470,137936,354738,5
2015.10.22,47650,48680,47570,48680,144846,360858,5
2015.10.23,48800,49575,47995,48015,164065,426726,5
2015.10.26,47975,48570,47765,47935,110024,263925,5
2015.10.27,47830,47995,47340,47450,133756,327467,5
2015.10.28,47670,48100,46915,47180,155573,374386,5
2015.10.29,46945,47190,46080,46110,150227,361571,5
2015.10.30,46075,46575,45885,46385,128171,333818,5
2015.11.03,46800,49190,46720,49090,185874,480257,5
2015.11.04,49200,49765,47975,48310,185357,461355,5
2015.11.05,48320,48615,47930,48285,152074,374187,5
2015.11.06,48160,48380,46830,47500,157700,384736,5
2015.11.09,47550,47600,46400,46400,141902,337263,5
2015.11.10,46200,47160,45785,46950,159352,408266,5
2015.11.11,46900,47725,46800,47450,167954,429488,5
2015.11.12,47700,47930,47010,47010,160067,402292,5
2015.11.13,46745,47310,46645,46995,154916,382249,5
2015.11.16,46845,47420,46725,47420,121183,302408,5
2015.11.17,47800,48095,47435,47460,129885,325268,5
2015.11.18,47320,48335,47265,47960,129195,338616,5
2015.11.19,48305,48750,48015,48730,135786,347510,5
2015.11.23,48675,49090,48170,48180,131858,333908,5
2015.11.24,48025,48700,47685,48660,134394,344254,5
2015.11.25,48290,48290,46905,47085,142566,381720,5
2015.11.26,47160,47445,47080,47340,55729,151398,5
2015.11.27,47010,47170,45850,45895,115541,315036,5
2015.11.30,45885,46100,45205,45205,156231,386522,5
2015.12.01,45450,45615,44815,44925,149359,373827,5
2015.12.02,44925,45540,44710,44795,171190,429721,5
2015.12.03,46200,47400,46060,46330,189105,498345,5
2015.12.04,46335,46505,45125,45570,176544,440261,5
2015.12.07,45395,46310,45295,45415,149621,373850,5
2015.12.08,45290,45600,44300,44300,157306,398938,5
2015.12.09,44965,46570,44810,46390,222036,554857,5
2015.12.10,46075,46380,45395,45790,149918,368787,5
2015.12.11,45350,46050,44940,45350,180911,448723,5
2015.12.14,45550,45780,44520,44820,163220,389583,5
2015.12.15,45190,45490,44870,44870,134217,321591,5
2015.12.16,45480,46330,44735,46300,176223,404513,5
2015.12.17,46300,47070,45455,45535,155396,387776,5
2015.12.18,44930,45205,44315,44450,158935,379880,5
2015.12.21,44570,44905,43580,43720,137855,348046,5
2015.12.22,43985,44270,43745,44195,99652,253106,5
2015.12.23,44350,44900,44275,44645,110956,276266,5
2015.12.28,44450,44615,44275,44300,65889,169746,5
2015.12.29,44525,44645,43995,44210,61343,162066,5
2015.12.30,44200,44250,43725,43920,75535,184808,5
2016.01.04,42630,43290,42500,42500,110197,273878,5
2016.01.05,42590,42990,42540,42935,104349,268226,5
2016.01.06,42365,42620,42010,42115,115945,318753,5
2016.01.07,41300,41645,41055,41145,118531,332757,5
2016.01.08,41550,41625,40800,40800,115161,334341,5
2016.01.11,40870,41390,40255,40255,125000,346620,5
2016.01.12,40590,40730,39790,39945,138614,387029,5
2016.01.13,40300,40460,39140,39215,132093,352079,5
2016.01.14,39275,40000,38760,39815,168718,458179,5
2016.01.15,39035,39175,38270,38960,160544,430021,5
2016.01.18,39080,39170,38340,38340,78193,226988,5
2016.01.19,38935,39250,38165,38360,160096,448001,5
2016.01.20,37790,37995,37265,37995,180584,513238,5
2016.01.21,37750,38320,37560,38040,179538,506453,5
2016.01.22,38405,38675,38165,38240,135495,383700,5
2016.01.26,37650,37825,37275,37610,130679,376666,5
2016.01.27,37490,38995,37420,38570,174768,523964,5
2016.01.28,38700,39345,38085,38790,197436,565165,5
2016.01.29,39000,40600,38920,40565,174608,513899,5
2016.02.01,40250,40780,39855,40735,156770,441681,5
2016.02.02,40250,40280,38515,38540,195036,541855,5
2016.02.03,38720,39890,38580,39660,216406,610772,5
2016.02.04,39900,41585,39845,40990,270199,747127,5
2016.02.05,41235,41385,40580,40580,191108,510414,5
2016.02.10,40060,40535,40000,40400,98569,274796,5
2016.02.11,39560,39895,38965,39335,179488,495220,5
2016.02.12,39675,39980,39440,39980,163684,448867,5
2016.02.15,40600,40765,40020,40160,74293,211786,5
2016.02.16,40350,41290,39995,41020,169203,489011,5
2016.02.17,41675,43065,41675,42100,191277,515734,5
2016.02.18,41900,42340,41780,42040,174725,443230,5
2016.02.19,41950,42530,41590,42070,164095,438603,5
2016.02.22,43110,44050,42805,43955,173293,454031,5
2016.02.23,43900,44265,42970,43060,177655,459918,5
2016.02.24,42400,42800,41775,42700,179664,453432,5
2016.02.25,42600,42945,42000,42490,180474,458195,5
2016.02.26,42955,43195,41915,42030,167731,441907,5
2016.02.29,42205,43640,42145,43260,193836,527162,5
2016.03.01,43780,44780,43640,44780,206019,569664,5
2016.03.02,44750,45525,44330,45350,233828,653679,5
2016.03.03,45655,47990,45610,47770,291270,807171,5
2016.03.04,50690,50690,48850,49700,324375,806255,5
2016.03.07,49400,50465,49215,49790,286950,700463,5
2016.03.08,49300,50495,49130,49760,253670,610006,5
2016.03.09,49880,50570,49075,49275,233658,565864,5
2016.03.10,50055,50560,48370,50100,300094,714473,5
2016.03.11,50370,50630,49590,50100,238456,592339,5
2016.03.14,50235,50970,48715,48800,262547,610482,5
2016.03.15,47870,48450,47050,47610,269244,627110,5
2016.03.16,47565,48630,46805,48560,261844,620530,5
2016.03.17,50500,51800,49815,51800,296444,683244,5
2016.03.18,51600,51920,50555,51030,203271,457412,5
2016.03.21,51200,51760,51080,51500,169355,387446,5
2016.03.22,50920,51600,50845,51600,169746,374370,5
2016.03.23,51275,51275,49580,49580,184986,438950,5
2016.03.24,49075,50080,48985,50050,152032,351478,5
2016.03.28,50430,51440,50400,51290,155692,366947,5
2016.03.29,51310,52060,50585,51430,215738,484025,5
2016.03.30,51955,52515,51080,51310,227942,556748,5
2016.03.31,51100,51140,49765,50310,197203,479502,5
2016.04.01,49945,50960,49425,50700,199796,483181,5
2016.04.04,50440,50480,48535,48535,178095,439051,5
2016.04.05,48255,49785,48130,48905,224603,577711,5
2016.04.06,48900,49100,47930,48355,196144,479587,5
2016.04.07,48035,49040,48030,48600,197848,492392,5
2016.04.08,49770,50580,49630,50510,166278,375022,5
2016.04.11,50600,51145,50055,50075,177571,422894,5
2016.04.12,50850,52425,50570,52275,222456,529708,5
2016.04.13,54000,54925,53515,53515,216334,492478,5
2016.04.14,53760,54780,53205,53700,244778,585803,5
2016.04.15,54250,54445,53615,54185,198164,483853,5
2016.04.18,54855,54975,53215,53700,191731,442042,5
2016.04.19,54385,55055,53975,54665,177731,399866,5
2016.04.20,54300,54795,54035,54515,153944,351793,5
2016.04.22,53900,54240,53265,53950,155245,352915,5
2016.04.25,53775,53830,52550,52670,148959,344255,5
2016.04.26,53000,54200,52675,54200,182283,419471,5
2016.04.27,53935,55670,53910,55670,179382,424787,5
2016.04.28,55050,55850,54815,55450,181331,423652,5
2016.04.29,55335,55555,54360,54550,201667,475894,5
2016.05.02,54800,54990,54025,54250,173443,397538,5
2016.05.03,53670,53710,52910,53070,159966,376912,5
2016.05.04,52620,53435,52380,53400,178105,437022,5
2016.05.05,53545,53790,51975,52555,213955,517140,5
2016.05.06,52400,52870,51765,52385,202185,454252,5
2016.05.09,52485,52575,50120,51650,240017,564743,5
2016.05.10,52080,54155,52070,54155,190648,457467,5
2016.05.11,54000,54740,53160,53160,252604,593091,5
2016.05.12,53820,54490,52965,53730,272886,663815,5
2016.05.13,53340,53855,51790,51880,243871,594982,5
2016.05.16,52295,52855,51735,52300,192509,444084,5
2016.05.17,52565,52820,51125,51400,211774,504785,5
2016.05.18,51100,51855,50615,50920,241423,567447,5
2016.05.19,50700,50770,49955,50540,220891,528718,5
2016.05.20,50800,51250,50000,50140,191890,464957,5
2016.05.23,49320,49975,48955,49390,205249,489925,5
2016.05.24,49720,50355,49460,49795,182642,431065,5
2016.05.25,50100,50720,49625,49860,204621,483024,5
2016.05.27,50000,50140,49135,49490,156059,386582,5
2016.05.30,49585,49625,49065,49150,94623,236470,5
2016.05.31,49235,49545,48515,48610,209727,517701,5
2016.06.01,48500,49325,48225,49100,184776,480220,5
2016.06.02,49045,50210,48935,50145,192345,478662,5
2016.06.03,50000,50895,50000,50720,196854,488086,5
2016.06.06,51025,51190,50210,50410,205622,527046,5
2016.06.07,50530,50785,49935,50770,210875,553824,5
2016.06.08,50855,51960,50750,51695,221121,575722,5
2016.06.09,51355,51640,50885,51150,202152,521283,5
2016.06.10,50560,50665,49265,49265,191713,512040,5
2016.06.13,49000,49830,48760,49680,221683,575943,5
2016.06.14,49200,49925,48195,48485,250613,656925,5
2016.06.15,49800,50450,49140,49750,230781,588401,5
2016.06.16,49400,50535,49020,50535,231210,592150,5
2016.06.17,50500,51225,50365,50555,198989,527503,5
2016.06.20,51530,51800,51210,51380,190859,514242,5
2016.06.21,51375,51885,50600,51850,211537,557391,5
2016.06.22,52080,52230,50920,50925,240856,642779,5
2016.06.23,51750,53065,51330,53065,231192,607333,5
2016.06.24,50100,51300,49915,50645,258995,652140,5
2016.06.27,50390,50975,49785,49920,234408,573472,5
2016.06.28,50785,51190,50520,51020,213316,547314,5
2016.06.29,51505,52110,51360,52060,180990,468374,5
2016.06.30,51900,52480,51355,52180,215762,563894,5
2016.07.01,52385,53230,52215,53070,191167,493946,5
2016.07.04,53355,53735,53155,53435,112257,309532,5
2016.07.05,52820,53020,52230,52560,196083,511432,5
2016.07.06,52135,52860,51520,52845,226084,574782,5
2016.07.07,52910,53460,52560,52735,270593,674053,5
2016.07.08,53200,53955,53050,53860,180757,494874,5
2016.07.11,53955,54740,53950,54500,162828,453784,5
2016.07.12,55100,55450,54640,54770,203373,582950,5
2016.07.13,54845,55345,54335,55345,232127,623935,5
2016.07.14,55955,56270,55610,55830,226075,611107,5
2016.07.15,55745,56275,55715,55800,192432,517204,5
2016.07.18,55935,57400,55855,57400,181764,523488,5
2016.07.19,56950,57475,56725,57475,205197,563397,5
2016.07.20,57405,57565,56735,57070,227729,624555,5
2016.07.21,57010,57440,56700,57325,236724,641423,5
2016.07.22,57300,57685,57000,57440,185997,521494,5
2016.07.25,57360,57620,56825,57380,200244,558048,5
2016.07.26,57580,57770,57145,57300,200676,564011,5
2016.07.27,57490,57795,57100,57200,194388,554045,5
2016.07.28,56900,57190,56315,57190,221871,629691,5
2016.07.29,56950,57850,56655,57845,214702,602346,5
2016.08.01,57560,57980,56935,57040,202783,564628,5
2016.08.02,56865,57270,55970,56500,257016,740532,5
2016.08.03,56350,57435,56025,57435,243340,679936,5
2016.08.04,57555,58330,57345,57820,251749,717737,5
2016.08.05,57890,58200,57470,57820,222815,625294,5
2016.08.08,57935,58120,57530,57880,177881,523830,5
2016.08.09,57970,58280,57740,57910,181140,520113,5
2016.08.10,57920,58105,56820,56860,222175,650888,5
2016.08.11,57045,58590,57010,58590,217434,634205,5
2016.08.12,58455,58815,58035,58180,239450,653172,5
2016.08.15,58300,59405,58295,59055,200925,577207,5
2016.08.16,58880,59200,58585,58600,235372,640604,5
2016.08.17,59560,60610,59120,60610,236404,640543,5
2016.08.18,60285,60525,59885,60200,223119,644262,5
2016.08.19,59830,60335,59600,60300,178607,520164,5
2016.08.22,59875,59950,58580,58790,212402,602498,5
2016.08.23,59140,59630,58720,58800,232255,670743,5
2016.08.24,58680,59300,58335,58885,236362,682990,5
2016.08.25,58485,59085,58400,58680,228159,632305,5
2016.08.26,58705,59605,58080,58750,248135,672088,5
2016.08.29,58665,59875,58535,59550,211295,606192,5
2016.08.30,59490,59775,59080,59465,224919,622173,5
2016.08.31,59600,59740,58260,58260,265968,733081,5
2016.09.01,58595,59215,58410,59000,219414,591477,5
2016.09.02,59155,60560,58920,60410,202925,535333,5
2016.09.05,60405,60745,60190,60400,118275,338541,5
2016.09.06,60500,60850,59870,60825,211517,569070,5
2016.09.08,60550,61050,60405,60750,204705,552981,5
2016.09.09,60550,60550,58145,58200,263492,767040,5
2016.09.12,57820,59260,57820,59120,291905,785707,5
2016.09.13,58750,58800,57005,57420,315588,851984,5
2016.09.14,57765,57895,57200,57610,288580,749368,5
2016.09.15,57900,58690,57680,58290,218943,576900,5
2016.09.16,57805,58175,57270,57700,227512,631097,5
2016.09.19,58160,58530,57545,57880,201889,579188,5
2016.09.20,58165,58380,57995,58040,173838,473980,5
2016.09.21,58505,59055,57710,58940,250249,711537,5
2016.09.22,59105,59920,59015,59460,202137,575195,5
2016.09.23,59360,59625,58755,59050,212305,594035,5
2016.09.26,58550,58660,58200,58375,181342,507416,5
2016.09.27,58450,58820,57685,58805,215870,630708,5
2016.09.28,58980,59820,58635,59775,237216,713793,5
2016.09.29,59750,59890,58395,58440,277666,820977,5
2016.09.30,58520,59170,58405,58570,199283,552804,5
2016.10.03,58805,59805,58530,59580,220300,648267,5
2016.10.04,59580,59770,59020,59550,270548,788979,5
2016.10.05,59740,60670,59600,60235,199578,585023,5
2016.10.06,60090,60895,60050,60650,194696,556180,5
2016.10.07,60500,61405,60430,61280,260812,757635,5
2016.10.10,61450,61920,61355,61920,172302,507003,5
2016.10.11,61800,61800,60900,61005,208758,607119,5
2016.10.13,61800,62615,61455,62380,229545,684375,5
2016.10.14,62690,63315,62625,63175,212226,625777,5
2016.10.17,62950,64145,62905,64145,198674,584366,5
2016.10.18,64190,65190,63965,64960,249698,777404,5
2016.10.19,64860,65275,64450,64640,280939,836260,5
2016.10.20,64320,65125,63830,64995,297935,895351,5
2016.10.21,64700,65545,64455,65150,241305,739809,5
2016.10.24,65560,65810,64955,65170,246448,752739,5
2016.10.25,65040,65330,64255,64840,281393,847057,5
2016.10.26,64405,65000,64065,64990,310811,897318,5
2016.10.27,64810,65675,64750,65140,258843,772873,5
2016.10.28,65065,65745,64705,65280,328432,976505,5
2016.10.31,65235,66015,65225,65980,239842,738646,5
2016.11.01,66200,66320,63860,64110,351170,1104675,5
2016.11.03,63640,64420,62520,62590,335109,989270,5
2016.11.04,62590,63570,62250,62435,349295,1044878,5
2016.11.07,63665,65135,63500,65135,254638,789465,5
2016.11.08,64900,65620,64130,65000,370572,1129071,5
2016.11.09,63010,65155,62220,63940,513175,1430851,5
2016.11.10,64350,64950,61125,61735,482511,1380185,5
2016.11.11,61315,62390,59405,59900,467973,1120444,5
2016.11.14,59920,60565,58845,60440,441948,1190516,5
2016.11.16,61140,61605,59830,61605,462590,1146936,5
2016.11.17,61645,62115,60085,60280,381893,1020657,5
2016.11.18,59890,60750,59760,60450,355868,991581,5
2016.11.21,60800,61680,60715,61640,288188,789973,5
2016.11.22,62355,63075,61840,62675,299110,862668,5
2016.11.23,62520,62650,61630,62495,300411,835941,5
2016.11.24,62450,62665,61665,61730,154272,443052,5
2016.11.25,60995,62050,60700,61995,225926,644696,5
2016.11.28,61600,63380,61555,63380,276726,798258,5
2016.11.29,62955,62985,61210,61320,289950,859577,5
2016.11.30,62055,62925,61965,62250,346729,1039763,5
2016.12.01,61970,62040,59240,59675,386414,1188757,5
2016.12.02,59500,60620,58235,60450,388193,1091248,5
2016.12.05,60935,60960,59760,59905,313652,881021,5
2016.12.06,59240,61415,59000,61230,352789,996870,5
2016.12.07,61635,62150,61150,61580,330557,955761,5
2016.12.08,61900,62200,60550,60700,323007,938044,5
2016.12.09,60760,61350,60350,60600,320116,899387,5
2016.12.12,59995,60165,59050,59255,294723,845576,5
2016.12.13,59690,59945,58715,59430,326777,924264,5
2016.12.14,60100,60595,59030,59030,306477,833478,5
2016.12.15,59100,59805,58710,59640,301103,819873,5
2016.12.16,59640,60440,59415,59460,257965,740106,5
2016.12.19,59400,59685,58080,58100,249970,701262,5
2016.12.20,58230,58985,58030,58650,272943,778827,5
2016.12.21,58500,59120,58230,58540,253686,729827,5
2016.12.22,58450,58710,57805,58220,236511,659186,5
2016.12.23,58100,59190,58100,59140,191037,538464,5
2016.12.26,59050,59825,59025,59735,47666,162141,5
2016.12.27,59735,60090,59300,59620,176024,519397,5
2016.12.28,59755,60890,59675,60825,193970,605207,5
2016.12.29,60740,61175,60085,61040,205978,610118,5
2017.01.02,60890,60890,60205,60280,125431,409323,5
2017.01.03,60800,62800,60750,62705,318136,990636,5
2017.01.04,62590,62890,62170,62520,277498,800837,5
2017.01.05,62485,63280,62420,62655,234542,728070,5
2017.01.06,62680,62765,62170,62550,206007,660505,5
2017.01.09,62400,62945,62050,62490,213601,679103,5
2017.01.10,62650,63215,62605,63110,178468,578656,5
2017.01.11,63300,63490,62325,63130,260441,836532,5
2017.01.12,64350,65250,64280,64700,270577,831249,5
2017.01.13,64610,64795,63965,64400,214121,676552,5
2017.01.16,64125,64695,64000,64450,147077,475589,5
2017.01.17,64200,65320,64040,64860,242950,800884,5
2017.01.18,64810,65235,64500,64500,219637,720132,5
2017.01.19,64380,65050,64075,64735,236464,803721,5
2017.01.20,64600,65245,64545,65055,224895,746051,5
2017.01.23,65050,66435,65025,66435,216056,731314,5
2017.01.24,66385,66650,66030,66320,272180,919062,5
2017.01.26,67070,67150,66510,66585,215416,738901,5
2017.01.27,66600,66660,66290,66490,167165,575023,5
2017.01.30,66200,66290,64460,64570,251273,910382,5
2017.01.31,64675,65270,64525,64960,246074,856470,5
2017.02.01,65170,65905,64910,65150,235214,832992,5
2017.02.02,64980,65430,64420,64840,240430,844039,5
2017.02.03,64550,65630,64450,65345,234403,818726,5
2017.02.06,65250,65555,64060,64210,228923,815295,5
2017.02.07,64425,65035,64075,64220,220830,787044,5
2017.02.08,64500,65180,63835,65130,270483,999088,5
2017.02.09,65170,65450,64690,64950,260563,922473,5
2017.02.10,65340,66385,65180,66200,252656,908774,5
2017.02.13,66300,67165,66300,66920,232565,819260,5
2017.02.14,67000,67165,66250,66810,254195,899538,5
2017.02.15,68200,69180,68120,69055,235694,808141,5
2017.02.16,68810,69510,68675,68825,268474,968900,5
2017.02.17,68500,68880,68130,68640,228497,831716,5
2017.02.20,69100,69720,69015,69600,109784,414932,5
2017.02.21,69820,70150,69570,70150,196439,700177,5
2017.02.22,69820,69860,69215,69585,205618,721527,5
2017.02.23,69840,70480,68150,68300,294444,1088571,5
2017.02.24,67965,68130,67255,67530,261942,913265,5
2017.03.01,68215,68375,67670,67800,128889,445665,5
2017.03.02,67485,67680,66340,66590,258539,903544,5
2017.03.03,66690,67625,66375,67505,270819,912526,5
2017.03.06,67150,67635,66825,67130,248141,845267,5
2017.03.07,66995,67350,66300,66320,222641,795190,5
2017.03.08,66320,66500,65120,65310,258041,935444,5
2017.03.09,65105,65740,64810,65135,306561,1127091,5
2017.03.10,65520,66450,65075,65300,278250,943836,5
2017.03.13,65745,66300,65615,66050,229586,791322,5
2017.03.14,65745,66170,65290,65380,295996,1032574,5
2017.03.15,65820,66980,65060,66850,330693,1105615,5
2017.03.16,67100,67215,66015,66210,311355,1056228,5
2017.03.17,66410,66680,64595,64755,329403,1182219,5
2017.03.20,64695,65645,64120,65185,379931,1282204,5
2017.03.21,65385,65530,63155,63190,342728,1127761,5
2017.03.22,62880,64150,62630,63780,399737,1352276,5
2017.03.23,63790,64340,63145,63890,346480,1175369,5
2017.03.24,63750,64380,63490,64375,300548,1027082,5
2017.03.27,63640,64835,63350,64775,254549,854608,5
2017.03.28,64775,65180,64290,64705,281172,970202,5
2017.03.29,64780,65995,64640,65995,242056,801060,5
2017.03.30,65675,66080,65285,65605,265695,918723,5
2017.03.31,65275,65850,65045,65135,227837,795780,5
2017.04.03,65385,65590,64950,65560,229367,776358,5
2017.04.04,65295,65975,65115,65930,210461,718985,5
2017.04.05,66250,66320,64550,64695,286208,1053088,5
2017.04.06,64850,65070,63850,64330,272586,952129,5
2017.04.07,64180,65320,63965,64695,289777,1000582,5
2017.04.10,64570,65065,64085,64590,264970,908761,5
2017.04.11,64550,64920,63340,64670,362911,1315700,5
2017.04.12,65205,65475,64765,64910,279218,997972,5
2017.04.13,64745,65030,63705,63770,271684,948628,5
2017.04.17,64025,65525,63940,65525,246605,866786,5
2017.04.18,64970,65650,64680,65050,298660,992737,5
2017.04.19,65250,65530,64100,64230,298405,1052395,5
2017.04.20,64650,65085,64250,64630,296140,1063400,5
2017.04.24,65505,65690,65120,65420,237478,829268,5
2017.04.25,65500,66020,64705,65950,276389,1049539,5
2017.04.26,65755,66325,65475,65650,297199,1101587,5
2017.04.27,65890,66170,65030,65495,268120,995340,5
2017.04.28,65765,66245,65315,66200,216364,770919,5
2017.05.02,66500,67745,66310,67705,240811,873182,5
2017.05.03,67410,67530,66660,66710,290220,1096299,5
2017.05.04,66750,66780,65365,65365,278877,1025431,5
2017.05.05,65425,66525,65105,66440,270570,1022723,5
2017.05.08,66200,66740,65925,66380,246782,875121,5
2017.05.09,66540,67230,66400,66920,243140,920025,5
2017.05.10,67295,68205,67165,68090,245971,942222,5
2017.05.11,67985,68365,67745,68090,274771,1017458,5
2017.05.12,68150,69065,68150,68605,246993,908360,5
2017.05.15,68960,69205,68635,69140,248452,939791,5
2017.05.16,69250,69440,68655,69365,243074,943582,5
2017.05.17,69000,69065,67630,67985,298500,1157155,5
2017.05.18,61180,63655,57780,61490,313003,816541,5
2017.05.19,63300,63940,62015,63080,401518,1053322,5
2017.05.22,62510,62790,61040,62215,400289,1092465,5
2017.05.23,62000,63195,61510,63160,320409,1021890,5
2017.05.24,62890,64375,62725,63780,372720,1205803,5
2017.05.25,63610,64290,63000,63685,369341,1211497,5
2017.05.26,63450,64485,63225,64470,336353,1098724,5
2017.05.29,64270,64300,63740,64205,160871,520694,5
2017.05.30,64050,64370,63700,64200,272957,922092,5
2017.05.31,63930,64175,62760,62915,290566,1022003,5
2017.06.01,63000,63460,62285,62520,292342,1017003,5
2017.06.02,62755,63040,62265,62510,296696,1007808,5
2017.06.05,62500,62950,62050,62645,265130,901978,5
2017.06.06,62265,63455,62225,63130,283332,959121,5
2017.06.07,63180,63810,63020,63300,286460,1022562,5
2017.06.08,63380,63525,62415,62715,293689,1019733,5
2017.06.09,63000,63170,62120,62210,320616,1006445,5
2017.06.12,62140,62465,61280,61685,333384,1103008,5
2017.06.13,61980,62100,61470,61780,294246,1023621,5
2017.06.14,62885,63450,62370,62830,289056,1019641,5
2017.06.16,62700,62735,62130,62685,225577,820511,5
2017.06.19,62820,63185,62505,63065,242193,834905,5
2017.06.20,62840,62845,61330,61330,329459,1126064,5
2017.06.21,61590,62075,61360,61680,331268,1118726,5
2017.06.22,61735,62190,61585,62135,280516,967255,5
2017.06.23,62020,62230,61755,61950,242267,819334,5
2017.06.26,62175,63450,62155,63450,249921,860450,5
2017.06.27,63005,63190,62275,62450,313142,1098776,5
2017.06.28,62500,62835,62125,62775,280133,963732,5
2017.06.29,63210,63325,62365,63100,327867,1105329,5
2017.06.30,63350,63765,62980,63500,264155,927085,5
2017.07.03,63750,64080,63585,63890,179868,633910,5
2017.07.04,63745,64000,63660,63995,104023,383703,5
2017.07.05,63900,64115,63325,63785,278237,992533,5
2017.07.06,63595,63740,62925,62945,277951,1006296,5
2017.07.07,63140,63600,62615,62990,279029,1030850,5
2017.07.10,63080,63770,63000,63730,240646,834679,5
2017.07.11,63600,64500,63460,64390,266240,954983,5
2017.07.12,64505,65550,64390,65385,338733,1221995,5
2017.07.13,65240,65865,65225,65780,228018,805263,5
2017.07.14,65765,66180,65650,66035,226555,843643,5
2017.07.17,66060,66170,65590,65590,209128,749641,5
2017.07.18,65525,65895,65375,65895,226781,807327,5
2017.07.19,65890,66045,65265,65650,242471,868475,5
2017.07.20,65655,65950,65280,65355,251001,938849,5
2017.07.21,65300,65585,65015,65055,212516,779750,5
2017.07.24,65055,65570,65025,65535,214013,788404,5
2017.07.25,65955,66070,65650,65950,233400,847848,5
2017.07.26,66000,66225,65155,65155,291859,1100117,5
2017.07.27,65435,65960,65375,65545,269244,1003782,5
2017.07.28,65290,65875,65185,65870,219667,821184,5
2017.07.31,66200,66290,65905,65955,187072,689489,5
2017.08.01,66300,66885,66185,66885,230977,899586,5
2017.08.02,66630,67545,66495,67425,279604,1154439,5
2017.08.03,67410,67430,66810,66810,236346,949009,5
2017.08.04,66900,67290,66660,66900,250039,1028398,5
2017.08.07,67045,68240,66975,68225,244810,963838,5
2017.08.08,67900,68650,67805,67960,314910,1188267,5
2017.08.09,67510,67930,67345,67905,301672,1151433,5
2017.08.10,67505,67665,66715,66960,325776,1239115,5
2017.08.11,66695,67735,66355,66830,346093,1416198,5
2017.08.14,67360,68730,67210,68400,342402,1369122,5
2017.08.15,68400,68915,68320,68665,296954,1187367,5
2017.08.16,69710,69865,69160,69520,302944,1269874,5
2017.08.17,69320,69430,68710,68890,315016,1251855,5
2017.08.18,68890,69695,68780,69645,288951,1193045,5
2017.08.21,69850,69945,69320,69565,249712,1029242,5
2017.08.22,70400,71500,70320,71500,290473,1255482,5
2017.08.23,71060,71440,70760,71105,261374,1097194,5
2017.08.24,71185,72190,71185,72120,268581,1130075,5
2017.08.25,72270,72315,71590,71865,253690,1025176,5
2017.08.28,71755,72180,71645,71835,226443,914071,5
2017.08.29,71350,72255,71220,72210,226936,914212,5
2017.08.30,72215,72280,71400,71400,249338,1017652,5
2017.08.31,71785,71960,71120,71320,254680,1142136,5
2017.09.01,71650,72930,71635,72670,248940,1063519,5
2017.09.04,72300,72920,72255,72900,151116,627503,5
2017.09.05,73610,73865,72450,72770,358660,1645358,5
2017.09.06,73185,74380,73030,74380,325999,1429511,5
2017.09.08,74355,74530,73540,73750,258301,1115850,5
2017.09.11,74145,75275,74115,74990,291833,1221048,5
2017.09.12,74910,75930,74575,75220,393113,1711351,5
2017.09.13,74860,75725,74720,75550,449259,1781277,5
2017.09.14,75200,75490,74900,75025,374953,1501320,5
2017.09.15,75000,76385,74730,76365,310868,1327172,5
2017.09.18,76295,76915,76045,76485,369224,1532551,5
2017.09.19,76480,76765,75720,76505,369620,1551216,5
2017.09.20,76600,76870,75450,76460,476081,1807411,5
2017.09.21,76210,76800,75660,76010,410248,1704830,5
2017.09.22,75850,76145,75400,75615,338628,1443788,5
2017.09.25,75610,75785,74635,74645,368791,1489679,5
2017.09.26,74865,75345,74490,74525,382022,1613341,5
2017.09.27,74600,75035,73405,74150,415104,1793883,5
2017.09.28,73940,74320,73535,73620,391023,1598684,5
2017.09.29,73950,74815,73870,74605,375074,1602759,5
2017.10.02,74845,74870,74050,74565,396965,1674154,5
2017.10.03,74900,77165,74660,77105,464938,1988116,5
2017.10.04,76890,77320,76635,76825,430534,1801392,5
2017.10.05,77000,78270,76515,76635,479717,2012685,5
2017.10.06,76675,76975,75715,76170,452229,1695922,5
2017.10.09,76500,76570,75285,76135,352540,1354219,5
2017.10.10,76395,77170,76200,76855,499253,1892937,5
2017.10.11,76885,77145,76420,76775,407386,1585609,5
2017.10.13,77085,77555,76820,77000,369389,1455199,5
2017.10.16,77330,77430,76570,76800,337630,1343580,5
2017.10.17,76745,76940,76030,76240,315789,1271578,5
2017.10.18,77175,77595,76820,77435,319538,1209411,5
2017.10.19,76910,77095,76060,77040,379999,1445449,5
2017.10.20,77380,77755,77000,77000,390163,1518660,5
2017.10.23,77330,77350,75960,76120,418688,1665750,5
2017.10.24,76250,77165,76120,77100,473276,1822092,5
2017.10.25,77200,77600,76010,77325,520037,2116036,5
2017.10.26,77595,77760,76400,76600,520310,2101694,5
2017.10.27,76850,77305,76170,76525,531034,2043588,5
2017.10.30,76300,76390,74815,75365,465374,1747725,5
2017.10.31,75500,75700,74655,74750,476702,1887755,5
2017.11.01,75325,75815,74220,74220,475232,1820241,5
2017.11.03,74590,74790,73555,74450,591472,2086072,5
2017.11.06,74815,74945,74280,74800,470459,1697264,5
2017.11.07,74755,74805,72805,72895,547464,2042828,5
2017.11.08,73250,75030,73060,74820,521373,2031589,5
2017.11.09,74695,74800,73160,73375,641563,2202924,5
2017.11.10,73160,73490,72310,72820,499525,1696137,5
2017.11.13,72600,73235,72115,72940,500800,1790098,5
2017.11.14,73015,73270,71010,71245,588039,2025446,5
2017.11.16,71600,73280,71370,72830,562807,1979472,5
2017.11.17,72710,73985,72670,73700,510088,1677830,5
2017.11.21,74300,75425,74225,74790,460557,1693985,5
2017.11.22,74970,75385,74520,74850,583743,1899828,5
2017.11.23,74785,74900,74055,74700,323935,1103512,5
2017.11.24,74900,74980,74220,74220,307284,1104464,5
2017.11.27,74275,74445,73340,74345,416568,1430343,5
2017.11.28,74565,75220,74270,74500,527844,1857401,5
2017.11.29,74345,74700,72785,72800,617583,2216012,5
2017.11.30,73130,73155,71430,71930,668928,2183744,5
2017.12.01,71735,72620,71265,72340,672301,2337372,5
2017.12.04,72835,73895,72475,73020,555842,2087467,5
2017.12.05,72960,74310,72340,72500,644214,2371386,5
2017.12.06,72180,73575,71940,73480,739111,2642473,5
2017.12.07,73100,73185,71335,72440,749879,2707202,5
2017.12.08,73210,73480,72600,72645,455783,1551106,5
2017.12.11,73015,73440,72465,72990,481562,1736328,5
2017.12.12,72805,74405,71760,74305,570312,2103179,5
2017.12.13,75100,76000,73270,73510,698420,2345911,5
2017.12.14,73165,73480,72605,73075,563392,1904458,5
2017.12.15,72850,73820,72665,73065,536967,1850863,5
2017.12.18,73540,74265,73485,73910,426955,1449982,5
2017.12.19,73780,73790,72900,73240,418361,1412965,5
2017.12.20,73240,74175,73220,74100,351161,1257302,5
2017.12.21,74240,75925,73775,75870,462251,1730240,5
2017.12.22,75650,76045,75140,76045,338250,1249180,5
2017.12.26,75790,76495,75560,76460,328779,1097025,5
2017.12.27,76600,76930,76450,76605,289810,989740,5
2017.12.28,76880,76970,76735,76785,188356,685830,5
2018.01.02,77040,78420,76980,78295,297839,1080758,5
2018.01.03,78400,78970,78060,78400,404557,1434381,5
2018.01.04,78620,79710,78505,79185,455394,1713874,5
2018.01.05,79440,79630,78685,79630,493642,1745350,5
2018.01.08,79800,79925,79050,79840,438556,1599762,5
2018.01.09,79730,79945,79100,79235,413844,1550791,5
2018.01.10,78880,79020,78510,78675,440123,1541018,5
2018.01.11,78540,79850,78530,79805,408070,1489910,5
2018.01.12,79375,79900,79220,79705,508288,1786159,5
2018.01.15,79800,80285,79675,80275,322591,1148909,5
2018.01.16,80470,80645,79975,80185,519084,1909216,5
2018.01.17,80150,81660,80030,81600,474080,1739927,5
2018.01.18,81425,81710,80780,81200,532209,1978489,5
2018.01.19,81395,81800,81130,81465,467770,1775389,5
2018.01.22,81405,81980,81170,81890,418649,1533177,5
2018.01.23,81850,81975,80735,80850,523780,1998592,5
2018.01.24,81050,84175,81040,84045,816046,2960548,5
2018.01.26,84600,85915,84105,85795,690175,2488563,5
2018.01.29,85525,85620,84520,84795,575980,2013621,5
2018.01.30,84300,84840,84010,84715,594317,2191461,5
2018.01.31,84960,86400,84800,85250,629450,2272753,5
2018.02.01,85450,86255,84825,85630,691627,2478074,5
2018.02.02,84600,84865,83900,84265,659758,2342964,5
2018.02.05,83770,84470,81450,81450,764563,2738113,5
2018.02.06,81450,84565,80530,84340,1107001,3381811,5
2018.02.07,83895,84540,82550,82965,833310,2676212,5
2018.02.08,82550,83585,81100,81325,916308,3307428,5
2018.02.09,81490,82000,79650,81000,1054212,3279742,5
2018.02.14,83820,84745,83275,84445,450493,1452192,5
2018.02.15,85210,85640,84820,85115,678993,2414022,5
2018.02.16,85405,85505,84650,85500,589027,2057725,5
2018.02.19,85750,85875,85390,85635,285887,961263,5
2018.02.20,85150,87200,85025,86725,669997,2579676,5
2018.02.21,86605,88280,86470,86600,689821,2462940,5
2018.02.22,87005,88050,86755,87545,730812,2561739,5
2018.02.23,88000,88150,86860,88150,690315,2520946,5
2018.02.26,88590,89155,88045,88495,624757,2223619,5
2018.02.27,88170,88665,87370,87570,551350,1922580,5
2018.02.28,87570,87955,86000,86030,712020,2724475,5
2018.03.01,85800,87050,85285,86185,946623,3483976,5
2018.03.02,85680,86600,84555,86500,795439,2817660,5
2018.03.05,86300,86915,85685,86530,657792,2282344,5
2018.03.06,87205,87665,86105,86105,728625,2607599,5
2018.03.07,85650,86295,84990,86050,678475,2460970,5
2018.03.08,86205,86500,85030,85620,706354,2575410,5
2018.03.09,85440,87060,85350,86930,648731,2352886,5
2018.03.12,87300,87695,87090,87330,534360,1998927,5
2018.03.13,87610,87975,86590,87000,703174,2879627,5
2018.03.14,87435,87585,86200,86480,648438,2703192,5
2018.03.15,86530,86535,85160,85700,548773,2161331,5
2018.03.16,85440,86025,84925,84925,667382,2620801,5
2018.03.19,84525,85090,84065,84585,692639,2689117,5
2018.03.20,84795,84920,84135,84605,653334,2375072,5
2018.03.21,84455,85840,84380,85550,658700,2422313,5
2018.03.22,85350,85950,84520,84580,861004,3423482,5
2018.03.23,84285,85915,84205,85005,1018429,3370838,5
2018.03.26,85720,85940,84615,85715,834989,2701365,5
2018.03.27,85995,86100,83775,83820,930668,3138529,5
2018.03.28,83770,84340,83135,84135,919572,3450785,5
2018.03.29,84555,86040,84315,85800,651429,2513819,5
2018.04.02,85410,85960,84370,84990,790791,3065116,5
2018.04.03,85290,85685,84390,84510,824227,3292039,5
2018.04.04,83580,84980,82940,84980,829576,3191611,5
2018.04.05,86400,86620,85165,85390,694527,2726890,5
2018.04.06,84965,85350,83960,84900,899746,3339770,5
2018.04.09,85470,85470,83210,83395,725319,2774830,5
2018.04.10,83925,84810,83445,84810,825604,2976078,5
2018.04.11,84385,85665,84155,85665,651466,2428194,5
2018.04.12,85805,85900,85060,85435,602693,2350419,5
2018.04.13,85600,85715,84065,84095,665031,2323399,5
2018.04.16,84215,84670,82630,82630,737162,2588150,5
2018.04.17,83045,84225,82660,84100,678204,2475839,5
2018.04.18,85030,86885,85000,86200,576530,2194019,5
2018.04.19,86500,86730,85845,86475,805111,2878371,5
2018.04.20,86360,86700,85630,86700,628217,2315178,5
2018.04.23,86300,86445,85315,86390,622566,2372142,5
2018.04.24,86850,87290,85685,86130,821115,3130767,5
2018.04.25,85575,86000,84895,86000,790285,2689647,5
2018.04.26,86100,87370,85830,87275,571709,2073121,5
2018.04.27,87170,87785,86820,86970,590688,2287263,5
2018.04.30,87150,87350,86250,86260,445233,1538926,5
2018.05.02,86130,86330,84875,84995,649214,2222572,5
2018.05.03,85080,85110,83605,83705,779851,2850462,5
2018.05.04,83820,84210,83100,83600,702698,2660767,5
2018.05.07,83700,84140,82960,82960,614044,2213883,5
2018.05.08,83020,83900,82580,83735,839708,2983798,5
2018.05.09,84050,84950,83200,84750,738824,2758771,5
2018.05.10,84895,86680,84675,86315,700158,2439952,5
2018.05.11,86445,86840,85505,85865,684722,2483642,5
2018.05.14,85930,86480,85005,85850,675800,2366838,5
2018.05.15,85430,85925,84105,85780,849116,3083356,5
2018.05.16,85605,87070,85210,86845,681944,2424757,5
2018.05.17,86430,86590,83580,83790,857828,3075646,5
2018.05.18,84190,84290,81625,83125,989594,3486539,5
2018.05.21,83690,84205,81825,82305,892165,3182286,5
2018.05.22,82450,83735,81775,82905,913642,3240027,5
2018.05.23,82010,82395,80980,81280,863036,2796710,5
2018.05.24,79660,80550,79115,80295,883044,2882820,5
2018.05.25,80325,80895,78745,79090,844580,2987883,5
2018.05.28,78440,78685,75110,75200,848551,2751010,5
2018.05.29,74845,77370,74815,75980,1203184,4032400,5
2018.05.30,76360,77295,75570,77280,1146286,3607826,5
2018.06.01,77580,78300,75425,77710,1087909,3531076,5
2018.06.04,78115,78770,77920,78590,851373,2805336,5
2018.06.05,78390,78945,76410,76550,958075,3278807,5
2018.06.06,76845,77075,75365,75560,1015154,3264996,5
2018.06.07,75750,76155,71060,74050,1362285,4164448,5
2018.06.08,73915,74115,71545,72870,1358330,3783625,5
2018.06.11,72920,73740,71830,72110,1010204,3120233,5
2018.06.12,72100,73350,71600,72910,887095,2755129,5
2018.06.13,73715,73995,71715,73075,952901,2980977,5
2018.06.14,73190,73445,71765,72075,961224,2968676,5
2018.06.15,71800,72095,70140,71140,874611,2839354,5
2018.06.18,70570,70980,69925,70395,755894,2252467,5
2018.06.19,69250,72780,69225,71950,935477,3117016,5
2018.06.20,72240,73180,71670,73000,892256,2795065,5
2018.06.21,72440,72700,70220,70220,801306,2544453,5
2018.06.22,70700,71650,70400,70965,697642,2227002,5
2018.06.25,70820,72165,70225,71995,848096,2737668,5
2018.06.26,71720,72180,70630,71750,931179,2620331,5
2018.06.27,72025,72505,70505,70815,894819,2633253,5
2018.06.28,70840,72640,70650,72260,846201,2721923,5
2018.06.29,72820,73470,72520,72805,734709,2207268,5
2018.07.02,72400,73615,72170,73615,576806,1745880,5
2018.07.03,73825,75020,73645,74110,689293,2321514,5
2018.07.04,74090,75385,73790,75385,528983,1746256,5
2018.07.05,75700,75825,74070,74810,823917,2655828,5
2018.07.06,74600,75670,74305,75600,692559,2099711,5
2018.07.10,75820,76200,74600,74600,735515,2402404,5
2018.07.11,74295,75445,74210,74965,764169,2558097,5
2018.07.12,75180,76495,75060,76495,659221,2113591,5
2018.07.13,76400,77195,75800,77030,611602,2057204,5
2018.07.16,76840,77270,76375,77170,611174,1996996,5
2018.07.17,77050,78890,76760,78410,672823,2153482,5
2018.07.18,78360,78765,77340,77400,672707,2213206,5
2018.07.19,77245,78900,76105,78900,843129,2574537,5
2018.07.20,79320,80335,78500,78585,848570,2469190,5
2018.07.23,78715,78865,78015,78085,701848,2167460,5
2018.07.24,79050,79790,78945,79340,727923,2274762,5
2018.07.25,79290,80715,79140,80480,759628,2529241,5
2018.07.26,80500,80670,79230,79850,813131,2593527,5
2018.07.27,80200,80495,79610,80250,705108,2259252,5
2018.07.30,80295,80685,79850,80400,565597,1951550,5
2018.07.31,80335,80440,79130,79300,674408,2241081,5
2018.08.01,79195,79895,78870,79420,686755,2350184,5
2018.08.02,78800,80075,78535,79980,652733,2259362,5
2018.08.03,80500,81935,80255,81530,707874,2560000,5
2018.08.06,81615,82095,80985,81035,621045,2117260,5
2018.08.07,81660,81890,79945,80700,811764,2871311,5
2018.08.08,80580,80980,78805,78840,827445,2704930,5
2018.08.09,78960,79480,78110,78705,761588,2408733,5
2018.08.10,78040,78345,76020,76400,920792,3003544,5
2018.08.13,76200,77925,75400,77820,966281,3086241,5
2018.08.14,78120,78770,77605,78400,833787,2619115,5
2018.08.15,78655,78655,77470,77515,870527,2510113,5
2018.08.16,78065,78380,76990,77580,948028,2977570,5
2018.08.17,77105,77110,76205,76495,755753,2374842,5
2018.08.20,76810,77170,76125,77040,807976,2689973,5
2018.08.21,77300,77320,75310,75310,864059,2841710,5
2018.08.22,75500,77700,74840,77700,876404,3092507,5
2018.08.23,77410,77830,75950,76300,880874,3013745,5
2018.08.24,76820,77270,76190,77000,674731,2278564,5
2018.08.27,77300,78585,77040,78130,625320,2124101,5
2018.08.28,78355,78565,77580,78450,712620,2489562,5
2018.08.29,78050,79370,77770,79195,651251,2286366,5
2018.08.30,78700,78805,76470,76470,828295,2519945,5
2018.08.31,76605,77660,76345,77150,815240,2822128,5
2018.09.03,77195,77195,76070,76610,463032,1630086,5
2018.09.04,76105,76490,74925,74945,780085,2561086,5
2018.09.05,74660,75800,74435,75200,760363,2582997,5
2018.09.06,75430,78550,75290,77410,783441,2735582,5
2018.09.10,77950,78115,76430,76920,800044,2751239,5
2018.09.11,75720,75870,74580,75255,775990,2485130,5
2018.09.12,75800,76035,74780,75230,745146,2613025,5
2018.09.13,75890,76015,74760,74800,691895,2265313,5
2018.09.14,75110,76045,74705,75850,740371,2533109,5
2018.09.17,75460,77340,75100,77045,838183,2894423,5
2018.09.18,77500,78790,76800,78050,915425,3069194,5
2018.09.19,77635,79310,77450,78280,798292,2754348,5
2018.09.20,78435,79195,78010,78420,711146,2318308,5
2018.09.21,78800,80350,78545,79380,844863,2735097,5
2018.09.24,79075,79650,77950,78210,832013,2627136,5
2018.09.25,77100,79000,76910,79000,903873,2884339,5
2018.09.26,78880,79750,78480,78715,972438,3111809,5
2018.09.27,78585,80380,78535,79890,789977,2512058,5
2018.09.28,79495,80085,78940,79350,806474,2397654,5
2018.10.01,79515,79740,78210,79000,903204,3028086,5
2018.10.02,80035,82000,80000,81940,1002339,3250954,5
2018.10.03,83990,85570,82950,83790,1201748,3606884,5
2018.10.04,82810,83655,82015,83060,1061125,3422884,5
2018.10.05,84675,85055,82150,82780,975302,3021752,5
2018.10.08,86500,87990,85330,86275,1202921,3742572,5
2018.10.09,85720,86785,85475,85915,1127454,3407446,5
2018.10.10,85410,85685,83550,83550,1129501,3501606,5
2018.10.11,83970,84985,82605,83605,1299240,4068774,5
2018.10.15,84290,84540,83040,83040,1028432,3343609,5
2018.10.16,83800,86015,83610,85895,1011620,3354213,5
2018.10.17,86300,87000,85645,86500,1108292,3653555,5
2018.10.18,86200,86385,84285,84500,1038793,3470886,5
2018.10.19,85295,85680,84310,85095,1031990,3480218,5
2018.10.22,85900,86520,85495,86155,887208,2764510,5
2018.10.23,85195,86320,84605,86300,1103473,3517934,5
2018.10.24,86300,86470,83490,83710,1162614,4094979,5
2018.10.25,84240,85540,83880,84270,1095413,3801021,5
2018.10.26,83610,86810,83570,86600,1322979,4544121,5
2018.10.29,89450,90400,83300,83980,1652259,4877125,5
2018.10.30,84800,87830,84460,87555,1542586,4875102,5
2018.10.31,88500,88970,86780,87700,1321072,4277197,5
2018.11.01,88660,89670,87660,88470,1218729,4075686,5
2018.11.05,89060,90180,88875,89950,1130079,3803529,5
2018.11.06,89635,89935,88605,89160,1102478,3839161,5
2018.11.07,90220,90265,88000,88400,1179167,3930747,5
2018.11.08,88585,89190,86010,86030,1163419,3706999,5
2018.11.09,85630,86750,84415,86280,1246858,3827745,5
2018.11.12,85960,86720,85375,86080,1340477,3982276,5
2018.11.13,86400,86500,84430,85370,1433703,4574311,5
2018.11.14,85510,86300,84585,86300,1401656,4459534,5
2018.11.16,87000,89010,86465,88840,1295463,3813996,5
2018.11.19,88650,88675,87315,88200,1155401,3666274,5
2018.11.21,86995,87700,86565,87550,1183446,3626465,5
2018.11.22,87490,87995,87205,87700,733018,2448538,5
2018.11.23,87485,87585,86065,86340,1051039,3416035,5
2018.11.26,87200,87445,85075,85630,1285908,4254335,5
2018.11.27,85955,88295,85475,87970,1258986,4149939,5
2018.11.28,88000,89725,87355,89230,1291635,4233856,5
2018.11.29,88950,90150,88435,89730,1169445,3919077,5
2018.11.30,89295,90475,89150,89605,1120836,3718215,5
2018.12.03,91450,91825,89515,89770,1235371,4207447,5
2018.12.04,89895,90570,88095,88600,1332903,4562209,5
2018.12.05,88940,89280,88520,89110,918168,3103045,5
2018.12.06,87680,88975,87040,88940,1260674,4422413,5
2018.12.07,88950,90110,87895,88010,1344498,4529658,5
2018.12.10,88000,88360,85850,85850,1473607,4772362,5
2018.12.11,86485,87550,85510,86615,1386278,4642540,5
2018.12.12,87880,88830,87520,87950,1370022,4490869,5
2018.12.13,88150,88720,87635,88560,1159610,4094316,5
2018.12.14,87800,89045,87750,88005,1043996,3579172,5
2018.12.17,88210,88540,87005,87115,1190413,3873247,5
2018.12.18,87320,88070,87145,87385,1114381,3946555,5
2018.12.19,87800,88835,85780,86100,1294060,4669817,5
2018.12.20,86050,87310,85380,86365,1341172,4955590,5
2018.12.21,86375,87265,85755,86000,1311609,4972890,5
2018.12.26,85900,86035,84410,85735,1208554,4348578,5
2018.12.27,85360,86320,85215,86110,1143576,4361242,5
2018.12.28,87070,88670,86820,88205,1015060,3866483,5
2019.01.02,87800,92150,87585,91590,1305951,5225036,5
2019.01.03,91115,92165,90450,91765,1477318,5428639,5
2019.01.04,92215,93335,91355,92440,1578841,5417051,5
2019.01.07,92400,93095,91790,92245,1531993,5458117,5
2019.01.08,92700,92760,91570,92660,1461480,5327069,5
2019.01.09,93090,94190,92835,94155,1398350,4898414,5
2019.01.10,93685,94540,93565,94370,1359187,4911736,5
2019.01.11,94600,94620,93760,94060,1086913,3779894,5
2019.01.14,93590,94945,93545,94820,1115346,4042673,5
2019.01.15,95000,95100,93760,94580,1337319,4884865,5
2019.01.16,94800,94800,94050,94795,1244156,4537736,5
2019.01.17,94410,96095,94265,95770,1252884,4698974,5
2019.01.18,95660,96795,95585,96280,1175686,4546496,5
2019.01.21,96150,96580,95130,96580,935217,3469737,5
2019.01.22,96040,96415,94900,95100,1465944,5351076,5
2019.01.23,95510,96930,95500,96775,1453690,5792214,5
2019.01.24,96705,97935,96610,97935,1244532,4680601,5
2019.01.28,96530,96890,94945,95600,1507121,5468081,5
2019.01.29,95620,97020,95620,95755,1339785,5032128,5
2019.01.30,96540,97420,96010,97150,1332184,4889335,5
2019.01.31,97700,98640,97450,97730,1389286,5108898,5
2019.02.01,97460,98260,97170,98065,1316993,4865419,5
2019.02.04,98465,98780,96945,98465,1536692,5733982,5
2019.02.05,98525,98730,97715,98445,1531409,5523659,5
2019.02.06,98030,98085,94480,94700,1737839,6382476,5
2019.02.07,94800,95725,93565,94435,1963976,7094199,5
2019.02.08,94150,95620,93440,95070,1997308,7305378,5
2019.02.11,95800,96110,93745,94365,1823910,6477471,5
2019.02.12,94955,96650,94955,95955,1686588,6134950,5
2019.02.13,97295,97765,96280,96895,1573359,5688794,5
2019.02.14,97075,99115,95735,99000,1963450,6642962,5
2019.02.15,98660,99215,97935,98270,1865397,6358442,5
2019.02.18,97940,98090,97085,97395,1428989,5033112,5
2019.02.19,97200,99150,97020,98230,1806332,6507603,5
2019.02.20,98440,99445,97200,97590,2046628,7155369,5
2019.02.21,97850,98220,96525,97810,1819380,6342441,5
2019.02.22,98220,98990,97750,98630,1489159,5370143,5
2019.02.25,99110,99290,97835,98050,1592237,5659317,5
2019.02.26,97800,98715,97570,98250,1526840,5438820,5
2019.02.27,98090,98515,97590,97950,1576823,5326363,5
2019.02.28,97945,98235,95950,95950,1693563,6108249,5
2019.03.01,96500,96790,94950,95170,1590353,5837619,5
2019.03.06,94885,95490,94510,94670,811734,2778481,5
2019.03.07,94600,95195,94270,95160,1571444,5703086,5
2019.03.08,94620,96095,93810,95935,1562120,5391926,5
2019.03.11,96315,98735,96140,98600,1385120,5181063,5
2019.03.12,98340,98950,97825,98445,1716407,6049342,5
2019.03.13,98750,99900,97910,99150,1832292,6127771,5
2019.03.14,99350,99650,98250,99035,1745120,5776427,5
2019.03.15,99420,99925,98545,99245,1640962,5176833,5
2019.03.18,99490,100550,99350,100550,1363301,4521151,5
2019.03.19,100500,100930,99765,99895,1541590,5413323,5
2019.03.20,99895,100245,97800,97800,1772371,6120616,5
2019.03.21,97700,98360,95770,97175,2020847,6721964,5
2019.03.22,95370,95725,93535,93545,2093243,6662193,5
2019.03.25,92195,94725,92070,94065,2125046,6989050,5
2019.03.26,94745,95875,94170,95115,2017309,6982851,5
2019.03.27,94200,94550,90405,90580,2401557,7634894,5
2019.03.28,90940,95190,90935,94650,2116466,6906837,5
2019.03.29,95325,96185,95015,95340,2066606,5766045,5
2019.04.01,96415,96995,95905,96145,1466614,4857483,5
2019.04.02,96600,96910,94930,95685,1831223,6341938,5
2019.04.03,96620,96815,94235,95000,2198870,6831250,5
2019.04.04,94990,96840,94465,96620,1978362,6769013,5
2019.04.05,96780,97685,96250,97400,1758135,5828297,5
2019.04.08,97395,97785,96800,97500,1792517,5842949,5
2019.04.09,97130,97270,95575,96390,1718917,6089032,5
2019.04.10,97000,97100,95755,95900,1751708,6265974,5
2019.04.11,95690,95975,94175,95125,1636190,6095856,5
2019.04.12,93685,94815,92505,93050,2026384,7414313,5
2019.04.15,93500,93845,92700,93010,2097107,7286591,5
2019.04.16,93350,95100,92805,94475,1906408,7072349,5
2019.04.17,95500,95820,93000,94345,2001556,7291306,5
2019.04.18,94900,96050,94140,95000,1774954,6537192,5
2019.04.22,95000,95820,94410,95350,1823311,6281035,5
2019.04.23,95700,97125,95650,96720,1753117,6633218,5
2019.04.24,97100,97210,94810,95815,1788192,6996274,5
2019.04.25,95995,97260,94830,97090,1777494,6632300,5
2019.04.26,96890,97465,96260,96860,1559567,5845973,5
2019.04.29,97095,97840,96675,96810,1542488,5587146,5
2019.04.30,97105,97420,96240,97005,1581412,5620716,5
2019.05.02,96355,96580,95870,96085,1466045,5528041,5
2019.05.03,96370,96960,96350,96535,1121212,4210403,5
2019.05.06,95275,95660,95060,95240,1203983,4383523,5
2019.05.07,95115,95325,93195,95325,1800560,7204129,5
2019.05.08,94920,96895,94880,95950,1606548,5860384,5
2019.05.09,95500,95715,94325,95205,1751503,6191002,5
2019.05.10,94840,95425,93630,94300,1830191,6882999,5
2019.05.13,93375,93375,91010,91010,1944848,7038731,5
2019.05.14,91915,92940,91840,92290,1818448,6923496,5
2019.05.15,91750,92155,90605,91545,1903929,6866639,5
2019.05.16,91985,92095,90010,90395,1815499,7014948,5
2019.05.17,89945,91735,89625,90685,1862219,7402321,5
2019.05.20,90130,92700,90090,92690,2024302,7158606,5
2019.05.21,92725,94975,92260,94955,1945461,7416304,5
2019.05.22,94620,95550,94165,94950,1989197,7131481,5
2019.05.23,93950,94875,93515,94400,1775576,6728000,5
2019.05.24,94720,95200,93645,93645,1627125,6269309,5
2019.05.27,94235,95740,94195,95250,1312102,4960103,5
2019.05.28,95250,96850,94850,96625,1896742,7314107,5
2019.05.29,96045,97230,95840,96520,1835266,7104539,5
2019.05.30,96600,98180,96360,97795,1632402,6426990,5
2019.05.31,97030,98225,96870,97095,1667881,6396991,5
2019.06.03,97000,97890,96530,97245,1673248,6271324,5
2019.06.04,97565,98035,96670,97715,1859429,6753653,5
2019.06.05,97935,97985,95725,96395,1796378,6843605,5
2019.06.06,96600,97570,96165,96895,1724081,6406002,5
2019.06.07,97400,98465,97215,98020,1532259,5603194,5
2019.06.10,97500,97925,96805,97225,1606714,6152253,5
2019.06.11,97715,99115,97715,99115,1635741,6052727,5
2019.06.12,99600,100290,98810,99490,1828452,6179822,5
2019.06.13,99950,100420,99465,100015,1543398,6056427,5
2019.06.14,99555,99985,98460,98635,1542200,6070576,5
2019.06.17,98615,99375,98500,98600,1473224,6057701,5
2019.06.18,99280,100515,99195,100515,1248668,5000329,5
2019.06.19,100300,101430,99865,101390,1514993,5825658,5
2019.06.21,101800,103035,101775,102905,1282703,4946707,5
2019.06.24,102940,103545,102460,102990,1386458,5350278,5
2019.06.25,102740,102845,100500,100510,1679987,6546574,5
2019.06.26,101490,101985,100910,101370,1725282,6064343,5
2019.06.27,101105,101850,100100,101445,1548172,6055135,5
2019.06.28,101800,102435,101230,101390,1534425,5747486,5
2019.07.01,102810,103240,101855,102160,1597226,5867714,5
2019.07.02,102010,102350,100560,101200,1923834,7536126,5
2019.07.03,101250,102925,100380,102670,1720950,6602482,5
2019.07.04,102790,104730,102790,104100,1251143,5075503,5
2019.07.05,104355,104900,103290,104900,1394055,5554563,5
2019.07.08,104500,105365,104375,105290,1365624,5405960,5
2019.07.10,106075,107295,105820,106205,1512826,6363730,5
2019.07.11,106950,107165,105335,105665,1684293,6528198,5
2019.07.12,105650,106230,104150,104495,1832652,7403535,5
2019.07.15,104900,105270,103965,104690,1675492,6609762,5
2019.07.16,104750,104960,103780,104365,1842450,7241212,5
2019.07.17,104450,104930,104150,104330,1668288,6689588,5
2019.07.18,104165,105375,104065,105375,1338335,5791761,5
2019.07.19,105500,105585,103665,103680,1422345,6259751,5
2019.07.22,104100,104725,103945,104465,1477194,5901777,5
